name,change,opt
Соевый Соус,f,f
Майонез,f,f
Кетчупы ,f,f
Томатный соус,f,f
Томатная паста,f,f
Горчица,f,f
Хрен,f,f
Уксус,f,f
Приправа Итальянские травы,f,f
Приправа Укроп,f,f
Приправа Петрушка,f,f
Приправа Розмарин,f,f
Приправа Базилик,f,f
Приправа Тимьян,f,f
Приправа Хмели-сунели,f,f
Приправа Орегано,f,f
Приправа Шафран,f,f
Приправа Кумин,f,f
Приправа Гвоздика,f,f
Приправа Кардамон,f,f
Приправа Чеснок,f,f
Приправа Перец черный,f,f
Приправа Смесь перцев,f,f
Приправа Перец чили,f,f
Приправа Паприка,f,f
Приправа Паприка копченая,f,f
Приправа Для мяса,f,f
Приправа Для гриля,f,f
Приправа Для курицы,f,f
Приправа Для рыбы,f,f
Лавровый лист,f,f
Приправа Корица,f,f
Панировочные сухари,f,f
Приправа Куркума,f,f
Приправа Кунжут,f,f
Приправа Орех мускатный,f,f
Приправа Имбирь,f,f
Приправа Кориандр,f,f
Приправа Карри,f,f
Приправа Горчица,f,f
Соль,f,f
